Problem Size,Execution Time (s),Plan Cost,Solution Found
2,0.006531953811645508,103.0,1
7,0.023164987564086914,436.0,1
12,0.0063517093658447266,N/A,0
17,0.1255357265472412,N/A,0
