Problem Size,Execution Time (s),Plan Cost,Solution Found
2,2.9017488956451416,26.0,1
7,55.16913604736328,112.0,1
12,60,N/A,0
17,60,N/A,0
